<?xml version="1.0" encoding="UTF-8"?>
<GenRun Id="impl_1" LaunchPart="xc7z020clg400-2" LaunchTime="1720001849">
  <File Type="ROUTE-PWR" Name="top_key_led_power_routed.rpt"/>
  <File Type="PA-TCL" Name="top_key_led.tcl"/>
  <File Type="ROUTE-PWR-SUM" Name="top_key_led_power_summary_routed.pb"/>
  <File Type="REPORTS-TCL" Name="top_key_led_reports.tcl"/>
  <File Type="BITSTR-MSK" Name="top_key_led.msk"/>
  <File Type="ROUTE-CLK" Name="top_key_led_clock_utilization_routed.rpt"/>
  <File Type="RDI-RDI" Name="top_key_led.vdi"/>
  <File Type="BG-BIT" Name="top_key_led.bit"/>
  <File Type="BG-DRC" Name="top_key_led.drc"/>
  <File Type="BG-BGN" Name="top_key_led.bgn"/>
  <File Type="BG-BIN" Name="top_key_led.bin"/>
  <File Type="BITSTR-RBT" Name="top_key_led.rbt"/>
  <File Type="BITSTR-NKY" Name="top_key_led.nky"/>
  <File Type="BITSTR-BMM" Name="top_key_led_bd.bmm"/>
  <File Type="ROUTE-METHODOLOGY-DRC" Name="top_key_led_methodology_drc_routed.rpt"/>
  <File Type="BITSTR-MMI" Name="top_key_led.mmi"/>
  <File Type="BITSTR-SYSDEF" Name="top_key_led.sysdef"/>
  <File Type="BITSTR-LTX" Name="debug_nets.ltx"/>
  <File Type="BITSTR-LTX" Name="top_key_led.ltx"/>
  <File Type="WBT-USG" Name="usage_statistics_webtalk.html"/>
  <File Type="OPT-DRC" Name="top_key_led_drc_opted.rpt"/>
  <File Type="OPT-HWDEF" Name="top_key_led.hwdef"/>
  <File Type="PLACE-IO" Name="top_key_led_io_placed.rpt"/>
  <File Type="PLACE-UTIL" Name="top_key_led_utilization_placed.rpt"/>
  <File Type="PLACE-UTIL-PB" Name="top_key_led_utilization_placed.pb"/>
  <File Type="PLACE-CTRL" Name="top_key_led_control_sets_placed.rpt"/>
  <File Type="PLACE-PRE-SIMILARITY" Name="top_key_led_incremental_reuse_pre_placed.rpt"/>
  <File Type="ROUTE-DRC" Name="top_key_led_drc_routed.rpt"/>
  <File Type="ROUTE-DRC-PB" Name="top_key_led_drc_routed.pb"/>
  <File Type="ROUTE-PWR-RPX" Name="top_key_led_power_routed.rpx"/>
  <File Type="ROUTE-STATUS" Name="top_key_led_route_status.rpt"/>
  <File Type="ROUTE-STATUS-PB" Name="top_key_led_route_status.pb"/>
  <File Type="ROUTE-DCP" Name="top_key_led_routed.dcp"/>
  <File Type="ROUTE-ERROR-DCP" Name="top_key_led_routed_error.dcp"/>
  <File Type="ROUTE-BLACKBOX-DCP" Name="top_key_led_routed_bb.dcp"/>
  <File Type="ROUTE-TIMINGSUMMARY" Name="top_key_led_timing_summary_routed.rpt"/>
  <File Type="ROUTE-TIMING-PB" Name="top_key_led_timing_summary_routed.pb"/>
  <File Type="ROUTE-TIMING-RPX" Name="top_key_led_timing_summary_routed.rpx"/>
  <File Type="ROUTE-BUS-SKEW" Name="top_key_led_bus_skew_routed.rpt"/>
  <File Type="ROUTE-BUS-SKEW-PB" Name="top_key_led_bus_skew_routed.pb"/>
  <File Type="ROUTE-BUS-SKEW-RPX" Name="top_key_led_bus_skew_routed.rpx"/>
  <File Type="OPT-DCP" Name="top_key_led_opt.dcp"/>
  <File Type="PLACE-DCP" Name="top_key_led_placed.dcp"/>
  <File Type="PWROPT-DCP" Name="top_key_led_pwropt.dcp"/>
  <File Type="POSTPLACE-PWROPT-DCP" Name="top_key_led_postplace_pwropt.dcp"/>
  <File Type="PHYSOPT-DCP" Name="top_key_led_physopt.dcp"/>
  <File Type="POSTROUTE-PHYSOPT-DCP" Name="top_key_led_postroute_physopt.dcp"/>
  <File Type="POSTROUTE-PHYSOPT-BLACKBOX-DCP" Name="top_key_led_postroute_physopt_bb.dcp"/>
  <File Type="ROUTE-METHODOLOGY-DRC-PB" Name="top_key_led_methodology_drc_routed.pb"/>
  <File Type="ROUTE-DRC-RPX" Name="top_key_led_drc_routed.rpx"/>
  <File Type="ROUTE-METHODOLOGY-DRC-RPX" Name="top_key_led_methodology_drc_routed.rpx"/>
  <File Type="PDI-FILE" Name="top_key_led.pdi"/>
  <File Type="RCFI_FILE" Name="top_key_led.rcfi"/>
  <File Type="CFI_FILE" Name="top_key_led.cfi"/>
  <File Type="RNPI_FILE" Name="top_key_led.rnpi"/>
  <File Type="NPI_FILE" Name="top_key_led.npi"/>
  <File Type="RBD_FILE" Name="top_key_led.rbd"/>
  <FileSet Name="sources" Type="DesignSrcs" RelSrcDir="$PSRCDIR/sources_1" RelGenDir="$PGENDIR/sources_1">
    <Filter Type="Srcs"/>
    <File Path="$PPRDIR/../../rtl/key.v">
      <FileInfo>
        <Attr Name="UsedIn" Val="synthesis"/>
        <Attr Name="UsedIn" Val="implementation"/>
        <Attr Name="UsedIn" Val="simulation"/>
      </FileInfo>
    </File>
    <File Path="$PPRDIR/../../rtl/led.v">
      <FileInfo>
        <Attr Name="UsedIn" Val="synthesis"/>
        <Attr Name="UsedIn" Val="implementation"/>
        <Attr Name="UsedIn" Val="simulation"/>
      </FileInfo>
    </File>
    <File Path="$PPRDIR/../../rtl/top_key_led.v">
      <FileInfo>
        <Attr Name="UsedIn" Val="synthesis"/>
        <Attr Name="UsedIn" Val="implementation"/>
        <Attr Name="UsedIn" Val="simulation"/>
      </FileInfo>
    </File>
    <Config>
      <Option Name="DesignMode" Val="RTL"/>
      <Option Name="TopModule" Val="top_key_led"/>
      <Option Name="TopAutoSet" Val="TRUE"/>
    </Config>
  </FileSet>
  <FileSet Name="constrs_in" Type="Constrs" RelSrcDir="$PSRCDIR/constrs_1">
    <Filter Type="Constrs"/>
    <File Path="$PSRCDIR/constrs_1/new/key_led.xdc">
      <FileInfo>
        <Attr Name="UsedIn" Val="synthesis"/>
        <Attr Name="UsedIn" Val="implementation"/>
      </FileInfo>
    </File>
    <Config>
      <Option Name="TargetConstrsFile" Val="$PSRCDIR/constrs_1/new/key_led.xdc"/>
      <Option Name="ConstrsType" Val="XDC"/>
    </Config>
  </FileSet>
  <FileSet Name="utils" Type="Utils" RelSrcDir="$PSRCDIR/utils_1">
    <Filter Type="Utils"/>
    <Config>
      <Option Name="TopAutoSet" Val="TRUE"/>
    </Config>
  </FileSet>
  <Strategy Version="1" Minor="2">
    <StratHandle Name="Vivado Implementation Defaults" Flow="Vivado Implementation 2020"/>
    <Step Id="init_design"/>
    <Step Id="opt_design"/>
    <Step Id="power_opt_design"/>
    <Step Id="place_design"/>
    <Step Id="post_place_power_opt_design"/>
    <Step Id="phys_opt_design"/>
    <Step Id="route_design"/>
    <Step Id="post_route_phys_opt_design"/>
    <Step Id="write_bitstream"/>
    <Step Id="write_device_image"/>
  </Strategy>
</GenRun>
